<?xml version="1.0" encoding="UTF-8" standalone="yes"?>
<?mso-application progid="Word.Document"?>
<pkg:package xmlns:pkg="http://schemas.microsoft.com/office/2006/xmlPackage"><pkg:part pkg:name="/word/numbering.xml" pkg:contentType="application/vnd.openxmlformats-officedocument.wordprocessingml.numbering+xml"><pkg:xmlData><w:numbering xmlns:wpc="http://schemas.microsoft.com/office/word/2010/wordprocessingCanvas" xmlns:mc="http://schemas.openxmlformats.org/markup-compatibility/2006" xmlns:o="urn:schemas-microsoft-com:office:office" xmlns:r="http://schemas.openxmlformats.org/package/2006/relationships" xmlns:m="http://schemas.openxmlformats.org/officeDocument/2006/math" xmlns:v="urn:schemas-microsoft-com:vml" xmlns:wp14="http://schemas.microsoft.com/office/word/2010/wordprocessingDrawing" xmlns:wp="http://schemas.openxmlformats.org/drawingml/2006/wordprocessingDrawing" xmlns:w10="urn:schemas-microsoft-com:office:word" xmlns:w="http://schemas.openxmlformats.org/wordprocessingml/2006/main" xmlns:w14="http://schemas.microsoft.com/office/word/2010/wordml" xmlns:wpg="http://schemas.microsoft.com/office/word/2010/wordprocessingGroup" xmlns:wpi="http://schemas.microsoft.com/office/word/2010/wordprocessingInk" xmlns:wne="http://schemas.microsoft.com/office/word/2006/wordml" xmlns:wps="http://schemas.microsoft.com/office/word/2010/wordprocessingShape" mc:Ignorable="w14 wp14"></w:numbering></pkg:xmlData></pkg:part><pkg:part pkg:name="/word/document.xml" pkg:contentType="application/vnd.openxmlformats-officedocument.wordprocessingml.document.main+xml"><pkg:xmlData><w:document xmlns:w="http://schemas.openxmlformats.org/wordprocessingml/2006/main" xmlns:wp="http://schemas.openxmlformats.org/drawingml/2006/wordprocessingDrawing" xmlns:r="http://schemas.openxmlformats.org/officeDocument/2006/relationships" xmlns:v="urn:schemas-microsoft-com:vml" xmlns:w10="urn:schemas-microsoft-com:office:word" xmlns:o="urn:schemas-microsoft-com:office:office" xmlns:wp14="http://schemas.microsoft.com/office/word/2010/wordprocessingDrawing" xmlns:w14="http://schemas.microsoft.com/office/word/2010/wordml" xmlns:mc="http://schemas.openxmlformats.org/markup-compatibility/2006" xmlns:m="http://schemas.openxmlformats.org/officeDocument/2006/math" xmlns:wps="http://schemas.microsoft.com/office/word/2010/wordprocessingShape" xmlns:wpg="http://schemas.microsoft.com/office/word/2010/wordprocessingGroup" xmlns:wpi="http://schemas.microsoft.com/office/word/2010/wordprocessingInk" xmlns:wpc="http://schemas.microsoft.com/office/word/2010/wordprocessingCanvas" xmlns:wpsCustomData="http://www.wps.cn/officeDocument/2013/wpsCustomData" mc:Ignorable="w14 wp14"><w:body><w:p><w:pPr><w:pStyle w:val="style0"/><w:rPr></w:rPr></w:pPr><w:r><w:t>UnityFS5.x.x2017.4.21f1,FC</w:t><w:noBreakHyphen/><w:t>x</w:t><w:br w:type="column"/><w:t>CAB-GameMode_mc2017.4.21f1</w:t></w:r></w:p><w:p><w:pPr><w:pStyle w:val="style0"/><w:rPr></w:rPr></w:pPr><w:r><w:t></w:t></w:r></w:p><w:p><w:pPr><w:pStyle w:val="style0"/><w:rPr></w:rPr></w:pPr><w:r><w:t>椱_F堜ZW却-OBIr:7€</w:t></w:r></w:p><w:p><w:pPr><w:pStyle w:val="style0"/><w:rPr></w:rPr></w:pPr><w:r><w:t>襽H€Ps1€10</w:t></w:r><w:r><w:rPr><w:lang w:val="en-US"/></w:rPr><w:t>00</w:t></w:r><w:r><w:t>c @€€X&quot;€Q€j€q€</w:t><w:br w:type="page"/><w:t>5</w:t></w:r><w:r><w:rPr><w:lang w:val="en-US"/></w:rPr><w:t>00</w:t></w:r><w:r><w:t>x</w:t></w:r></w:p><w:p><w:pPr><w:pStyle w:val="style0"/><w:rPr></w:rPr></w:pPr><w:r><w:t>``&quot;y`L</w:t></w:r><w:r><w:rPr><w:lang w:val="en-US"/></w:rPr><w:t>10</w:t></w:r><w:r><w:t>t</w:t><w:tab/><w:t>€S.€$,</w:t></w:r></w:p><w:p><w:pPr><w:pStyle w:val="style0"/><w:rPr></w:rPr></w:pPr><w:r><w:t>s€-</w:t><w:br/><w:t></w:t><w:br w:type="page"/><w:t></w:t></w:r></w:p><w:p><w:pPr><w:pStyle w:val="style0"/><w:rPr></w:rPr></w:pPr><w:r><w:t></w:t></w:r></w:p><w:p><w:pPr><w:pStyle w:val="style0"/><w:rPr></w:rPr></w:pPr><w:r><w:t>0</w:t><w:br w:type="column"/><w:t>0P`P`8</w:t></w:r><w:r><w:rPr><w:lang w:val="en-US"/></w:rPr><w:t>0</w:t></w:r><w:r><w:t>P09</w:t></w:r><w:r><w:rPr><w:lang w:val="en-US"/></w:rPr><w:t>0</w:t></w:r><w:r><w:t>€HCPP@\P8</w:t></w:r><w:r><w:rPr><w:lang w:val="en-US"/></w:rPr><w:t>00</w:t></w:r><w:r><w:t>PPbtHhx</w:t><w:noBreakHyphen/><w:t>S€n</w:t></w:r><w:r><w:rPr><w:lang w:val="en-US"/></w:rPr><w:t>100</w:t></w:r><w:r><w:t>H咗 !&quot;#梎$`%</w:t><w:noBreakHyphen/><w:t>繾&amp;&amp;HX&apos;X</w:t><w:tab/><w:t>H(H)*SL€+xH8</w:t></w:r><w:r><w:rPr><w:lang w:val="en-US"/></w:rPr><w:t>0</w:t></w:r><w:r><w:t>,8</w:t></w:r><w:r><w:rPr><w:lang w:val="en-US"/></w:rPr><w:t>0</w:t></w:r><w:r><w:t>-H漯./H0H1H2H3H4H5H`&quot;</w:t></w:r></w:p><w:p><w:pPr><w:pStyle w:val="style0"/><w:rPr></w:rPr></w:pPr><w:r><w:t>H6</w:t></w:r><w:r><w:rPr><w:lang w:val="en-US"/></w:rPr><w:t>0</w:t></w:r><w:r><w:t>`7</w:t></w:r><w:r><w:rPr><w:lang w:val="en-US"/></w:rPr><w:t>0</w:t></w:r><w:r><w:t>`8</w:t></w:r><w:r><w:rPr><w:lang w:val="en-US"/></w:rPr><w:t>0</w:t></w:r><w:r><w:t>`9</w:t></w:r><w:r><w:rPr><w:lang w:val="en-US"/></w:rPr><w:t>0</w:t></w:r><w:r><w:t></w:t><w:tab/><w:t>AssetBundlem_PreloadTab`FileID1ath</w:t><w:tab/><w:t>扖ontainer9</w:t></w:r><w:r><w:rPr><w:lang w:val="en-US"/></w:rPr><w:t>0</w:t></w:r><w:r><w:t>bInfop5</w:t></w:r><w:r><w:rPr><w:lang w:val="en-US"/></w:rPr><w:t>00</w:t></w:r><w:r><w:t>TIndex</w:t></w:r></w:p><w:p><w:pPr><w:pStyle w:val="style0"/><w:rPr></w:rPr></w:pPr><w:r><w:t>`Sizea#m_MainA</w:t><w:br w:type="page"/><w:t>RuntimeCompatibilitym_0Nam|Dependenciesm_IsStreamedSceneExplicitDataLayout@Flag&gt;4</w:t></w:r><w:r><w:rPr><w:lang w:val="en-US"/></w:rPr><w:t>00</w:t></w:r><w:r><w:t>侶ashes1Hkめ]絡陫翣d0X壢</w:t><w:tab/><w:t>o</w:t></w:r><w:r><w:rPr><w:lang w:val="en-US"/></w:rPr><w:t>100</w:t></w:r><w:r><w:t>€a`阘`</w:t></w:r><w:r><w:rPr><w:lang w:val="en-US"/></w:rPr><w:t>100</w:t></w:r><w:r><w:t>@L`€_V</w:t></w:r></w:p><w:p><w:pPr><w:pStyle w:val="style0"/><w:rPr></w:rPr></w:pPr><w:r><w:t>:胇#*$!P</w:t><w:br w:type="page"/><w:t>D</w:t></w:r></w:p><w:p><w:pPr><w:pStyle w:val="style0"/><w:rPr></w:rPr></w:pPr><w:r><w:t></w:t></w:r></w:p><w:p><w:pPr><w:pStyle w:val="style0"/><w:rPr></w:rPr></w:pPr><w:r><w:t>s/ab/gamemode_mc.bytes</w:t><w:tab/><w:br w:type="column"/><w:t>D</w:t><w:br w:type="page"/><w:t>8</w:t></w:r><w:r><w:rPr><w:lang w:val="en-US"/></w:rPr><w:t>00</w:t></w:r><w:r><w:t>(RGameMZ$mulongq _t</w:t></w:r></w:p><w:p><w:pPr><w:pStyle w:val="style0"/><w:rPr></w:rPr></w:pPr><w:r><w:t>b_</w:t></w:r><w:r><w:rPr><w:lang w:val="en-US"/></w:rPr><w:t>4</w:t></w:r><w:r><w:t>€W@Q</w:t></w:r></w:p><w:p><w:pPr><w:pStyle w:val="style0"/><w:rPr></w:rPr></w:pPr><w:r><w:t>a-Atlas</w:t></w:r><w:r><w:rPr><w:lang w:val="en-US"/></w:rPr><w:t>_&quot;DamageAllHero&quot;</w:t></w:r></w:p><w:p><w:pPr><w:pStyle w:val="style0"/><w:rPr></w:rPr></w:pPr><w:r><w:t>Interface_Map/main_舕_arena_icon?$?^quick?o</w:t></w:r></w:p><w:p><w:pPr><w:pStyle w:val="style0"/><w:rPr></w:rPr></w:pPr><w:r><w:t>,?Jwarm&gt;</w:t><w:noBreakHyphen/><w:t>&quot;,q?-`</w:t></w:r></w:p><w:p><w:pPr><w:pStyle w:val="style0"/><w:rPr></w:rPr></w:pPr><w:r><w:t>.&gt;</w:t></w:r></w:p><w:sectPr></w:sectPr></w:body></w:document></pkg:xmlData></pkg:part><pkg:part pkg:name="/word/styles.xml" pkg:contentType="application/vnd.openxmlformats-officedocument.wordprocessingml.styles+xml"><pkg:xmlData><w:styles xmlns:mc="http://schemas.openxmlformats.org/markup-compatibility/2006" xmlns:w="http://schemas.openxmlformats.org/wordprocessingml/2006/main" xmlns:w14="http://schemas.microsoft.com/office/word/2010/wordml" mc:Ignorable="w14"><w:docDefaults><w:rPrDefault></w:rPrDefault><w:pPrDefault><w:pPr></w:pPr></w:pPrDefault></w:docDefaults><w:style w:type="paragraph" w:default="1" w:styleId="style0"><w:name w:val="Normal"/><w:next w:val="style0"/><w:qFormat/><w:pPr><w:jc w:val="both"/></w:pPr><w:rPr><w:rFonts w:ascii="Calibri" w:eastAsia="宋体"/><w:kern w:val="1"/><w:szCs w:val="22"/></w:rPr></w:style></w:styles></pkg:xmlData></pkg:part><pkg:part pkg:name="/word/fontTable.xml" pkg:contentType="application/vnd.openxmlformats-officedocument.wordprocessingml.fontTable+xml"><pkg:xmlData><w:fonts xmlns:mc="http://schemas.openxmlformats.org/markup-compatibility/2006" xmlns:r="http://schemas.openxmlformats.org/officeDocument/2006/relationships" xmlns:w="http://schemas.openxmlformats.org/wordprocessingml/2006/main" xmlns:w14="http://schemas.microsoft.com/office/word/2010/wordml" mc:Ignorable="w14"></w:fonts></pkg:xmlData></pkg:part><pkg:part pkg:name="/word/settings.xml" pkg:contentType="application/vnd.openxmlformats-officedocument.wordprocessingml.settings+xml"><pkg:xmlData><w:settings xmlns:w="http://schemas.openxmlformats.org/wordprocessingml/2006/main" xmlns:r="http://schemas.openxmlformats.org/officeDocument/2006/relationships" xmlns:m="http://schemas.openxmlformats.org/officeDocument/2006/math"><w:compat><w:balanceSingleByteDoubleByteWidth/><w:compatSetting w:name="compatibilityMode" w:uri="http://schemas.microsoft.com/office/word" w:val="14"/></w:compat></w:settings></pkg:xmlData></pkg:part><pkg:part pkg:name="/word/theme/theme1.xml" pkg:contentType="application/vnd.openxmlformats-officedocument.theme+xml"><pkg:xmlData><a:theme xmlns:a="http://schemas.openxmlformats.org/drawingml/2006/main" name="Office Theme"><a:themeElements><a:clrScheme name="Office"><a:dk1><a:sysClr val="windowText" lastClr="000000"></a:sysClr></a:dk1><a:lt1><a:sysClr val="window" lastClr="FFFFFF"></a:sysClr></a:lt1><a:dk2><a:srgbClr val="1F497D"></a:srgbClr></a:dk2><a:lt2><a:srgbClr val="EEECE1"></a:srgbClr></a:lt2><a:accent1><a:srgbClr val="4F81BD"></a:srgbClr></a:accent1><a:accent2><a:srgbClr val="C0504D"></a:srgbClr></a:accent2><a:accent3><a:srgbClr val="9BBB59"></a:srgbClr></a:accent3><a:accent4><a:srgbClr val="8064A2"></a:srgbClr></a:accent4><a:accent5><a:srgbClr val="4BACC6"></a:srgbClr></a:accent5><a:accent6><a:srgbClr val="F79646"></a:srgbClr></a:accent6><a:hlink><a:srgbClr val="0000FF"></a:srgbClr></a:hlink><a:folHlink><a:srgbClr val="800080"></a:srgbClr></a:folHlink></a:clrScheme><a:fontScheme name="Office"><a:majorFont><a:latin typeface="Cambria"></a:latin><a:ea typeface=""></a:ea><a:cs typeface=""></a:cs><a:font script="Jpan" typeface="ＭＳ ゴシック"></a:font><a:font script="Hang" typeface="맑은 고딕"></a:font><a:font script="Hans" typeface="宋体"></a:font><a:font script="Hant" typeface="新細明體"></a:font><a:font script="Arab" typeface="Times New Roman"></a:font><a:font script="Hebr" typeface="Times New Roman"></a:font><a:font script="Thai" typeface="Angsana New"></a:font><a:font script="Ethi" typeface="Nyala"></a:font><a:font script="Beng" typeface="Vrinda"></a:font><a:font script="Gujr" typeface="Shruti"></a:font><a:font script="Khmr" typeface="MoolBoran"></a:font><a:font script="Knda" typeface="Tunga"></a:font><a:font script="Guru" typeface="Raavi"></a:font><a:font script="Cans" typeface="Euphemia"></a:font><a:font script="Cher" typeface="Plantagenet Cherokee"></a:font><a:font script="Yiii" typeface="Microsoft Yi Baiti"></a:font><a:font script="Tibt" typeface="Microsoft Himalaya"></a:font><a:font script="Thaa" typeface="MV Boli"></a:font><a:font script="Deva" typeface="Mangal"></a:font><a:font script="Telu" typeface="Gautami"></a:font><a:font script="Taml" typeface="Latha"></a:font><a:font script="Syrc" typeface="Estrangelo Edessa"></a:font><a:font script="Orya" typeface="Kalinga"></a:font><a:font script="Mlym" typeface="Kartika"></a:font><a:font script="Laoo" typeface="DokChampa"></a:font><a:font script="Sinh" typeface="Iskoola Pota"></a:font><a:font script="Mong" typeface="Mongolian Baiti"></a:font><a:font script="Viet" typeface="Times New Roman"></a:font><a:font script="Uigh" typeface="Microsoft Uighur"></a:font><a:font script="Geor" typeface="Sylfaen"></a:font></a:majorFont><a:minorFont><a:latin typeface="Calibri"></a:latin><a:ea typeface=""></a:ea><a:cs typeface=""></a:cs><a:font script="Jpan" typeface="ＭＳ 明朝"></a:font><a:font script="Hang" typeface="맑은 고딕"></a:font><a:font script="Hans" typeface="宋体"></a:font><a:font script="Hant" typeface="新細明體"></a:font><a:font script="Arab" typeface="Arial"></a:font><a:font script="Hebr" typeface="Arial"></a:font><a:font script="Thai" typeface="Cordia New"></a:font><a:font script="Ethi" typeface="Nyala"></a:font><a:font script="Beng" typeface="Vrinda"></a:font><a:font script="Gujr" typeface="Shruti"></a:font><a:font script="Khmr" typeface="DaunPenh"></a:font><a:font script="Knda" typeface="Tunga"></a:font><a:font script="Guru" typeface="Raavi"></a:font><a:font script="Cans" typeface="Euphemia"></a:font><a:font script="Cher" typeface="Plantagenet Cherokee"></a:font><a:font script="Yiii" typeface="Microsoft Yi Baiti"></a:font><a:font script="Tibt" typeface="Microsoft Himalaya"></a:font><a:font script="Thaa" typeface="MV Boli"></a:font><a:font script="Deva" typeface="Mangal"></a:font><a:font script="Telu" typeface="Gautami"></a:font><a:font script="Taml" typeface="Latha"></a:font><a:font script="Syrc" typeface="Estrangelo Edessa"></a:font><a:font script="Orya" typeface="Kalinga"></a:font><a:font script="Mlym" typeface="Kartika"></a:font><a:font script="Laoo" typeface="DokChampa"></a:font><a:font script="Sinh" typeface="Iskoola Pota"></a:font><a:font script="Mong" typeface="Mongolian Baiti"></a:font><a:font script="Viet" typeface="Arial"></a:font><a:font script="Uigh" typeface="Microsoft Uighur"></a:font><a:font script="Geor" typeface="Sylfaen"></a:font></a:minorFont></a:fontScheme><a:fmtScheme name="Office"><a:fillStyleLst><a:solidFill><a:schemeClr val="phClr"></a:schemeClr></a:solidFill><a:gradFill rotWithShape="1"><a:gsLst><a:gs pos="0"><a:schemeClr val="phClr"><a:tint val="50000"></a:tint><a:satMod val="300000"></a:satMod></a:schemeClr></a:gs><a:gs pos="35000"><a:schemeClr val="phClr"><a:tint val="37000"></a:tint><a:satMod val="300000"></a:satMod></a:schemeClr></a:gs><a:gs pos="100000"><a:schemeClr val="phClr"><a:tint val="15000"></a:tint><a:satMod val="350000"></a:satMod></a:schemeClr></a:gs></a:gsLst><a:lin ang="16200000" scaled="1"></a:lin></a:gradFill><a:gradFill rotWithShape="1"><a:gsLst><a:gs pos="0"><a:schemeClr val="phClr"><a:shade val="51000"></a:shade><a:satMod val="130000"></a:satMod></a:schemeClr></a:gs><a:gs pos="80000"><a:schemeClr val="phClr"><a:shade val="93000"></a:shade><a:satMod val="130000"></a:satMod></a:schemeClr></a:gs><a:gs pos="100000"><a:schemeClr val="phClr"><a:shade val="94000"></a:shade><a:satMod val="135000"></a:satMod></a:schemeClr></a:gs></a:gsLst><a:lin ang="16200000" scaled="0"></a:lin></a:gradFill></a:fillStyleLst><a:lnStyleLst><a:ln w="9525" cap="flat" cmpd="sng" algn="ctr"><a:solidFill><a:schemeClr val="phClr"><a:shade val="95000"></a:shade><a:satMod val="105000"></a:satMod></a:schemeClr></a:solidFill><a:prstDash val="solid"></a:prstDash></a:ln><a:ln w="25400" cap="flat" cmpd="sng" algn="ctr"><a:solidFill><a:schemeClr val="phClr"></a:schemeClr></a:solidFill><a:prstDash val="solid"></a:prstDash></a:ln><a:ln w="38100" cap="flat" cmpd="sng" algn="ctr"><a:solidFill><a:schemeClr val="phClr"></a:schemeClr></a:solidFill><a:prstDash val="solid"></a:prstDash></a:ln></a:lnStyleLst><a:effectStyleLst><a:effectStyle><a:effectLst><a:outerShdw blurRad="40000" dist="20000" dir="5400000" rotWithShape="0"><a:srgbClr val="000000"><a:alpha val="38000"></a:alpha></a:srgbClr></a:outerShdw></a:effectLst></a:effectStyle><a:effectStyle><a:effectLst><a:outerShdw blurRad="40000" dist="23000" dir="5400000" rotWithShape="0"><a:srgbClr val="000000"><a:alpha val="35000"></a:alpha></a:srgbClr></a:outerShdw></a:effectLst></a:effectStyle><a:effectStyle><a:effectLst><a:outerShdw blurRad="40000" dist="23000" dir="5400000" rotWithShape="0"><a:srgbClr val="000000"><a:alpha val="35000"></a:alpha></a:srgbClr></a:outerShdw></a:effectLst><a:scene3d><a:camera prst="orthographicFront"><a:rot lat="0" lon="0" rev="0"></a:rot></a:camera><a:lightRig rig="threePt" dir="t"><a:rot lat="0" lon="0" rev="1200000"></a:rot></a:lightRig></a:scene3d><a:sp3d><a:bevelT w="63500" h="25400"></a:bevelT></a:sp3d></a:effectStyle></a:effectStyleLst><a:bgFillStyleLst><a:solidFill><a:schemeClr val="phClr"></a:schemeClr></a:solidFill><a:gradFill rotWithShape="1"><a:gsLst><a:gs pos="0"><a:schemeClr val="phClr"><a:tint val="40000"></a:tint><a:satMod val="350000"></a:satMod></a:schemeClr></a:gs><a:gs pos="40000"><a:schemeClr val="phClr"><a:tint val="45000"></a:tint><a:shade val="99000"></a:shade><a:satMod val="350000"></a:satMod></a:schemeClr></a:gs><a:gs pos="100000"><a:schemeClr val="phClr"><a:shade val="20000"></a:shade><a:satMod val="255000"></a:satMod></a:schemeClr></a:gs></a:gsLst><a:path path="circle"><a:fillToRect l="50000" t="-80000" r="50000" b="180000"></a:fillToRect></a:path></a:gradFill><a:gradFill rotWithShape="1"><a:gsLst><a:gs pos="0"><a:schemeClr val="phClr"><a:tint val="80000"></a:tint><a:satMod val="300000"></a:satMod></a:schemeClr></a:gs><a:gs pos="100000"><a:schemeClr val="phClr"><a:shade val="30000"></a:shade><a:satMod val="200000"></a:satMod></a:schemeClr></a:gs></a:gsLst><a:path path="circle"><a:fillToRect l="50000" t="50000" r="50000" b="50000"></a:fillToRect></a:path></a:gradFill></a:bgFillStyleLst></a:fmtScheme></a:themeElements><a:objectDefaults></a:objectDefaults><a:extraClrSchemeLst></a:extraClrSchemeLst></a:theme></pkg:xmlData></pkg:part><pkg:part pkg:name="/docProps/core.xml" pkg:contentType="application/vnd.openxmlformats-package.core-properties+xml"><pkg:xmlData><coreProperties xmlns="http://schemas.openxmlformats.org/package/2006/metadata/core-properties" xmlns:cp="http://schemas.openxmlformats.org/package/2006/metadata/core-properties" xmlns:dc="http://purl.org/dc/elements/1.1/" xmlns:dcterms="http://purl.org/dc/terms/" xmlns:xsi="http://www.w3.org/2001/XMLSchema-instance"><lastModifiedBy>CPH2269</lastModifiedBy><dcterms:modified xsi:type="dcterms:W3CDTF">2022-10-23T17:50:24Z</dcterms:modified></coreProperties></pkg:xmlData></pkg:part><pkg:part pkg:name="/docProps/app.xml" pkg:contentType="application/vnd.openxmlformats-officedocument.extended-properties+xml"><pkg:xmlData><Properties xmlns="http://schemas.openxmlformats.org/officeDocument/2006/extended-properties" xmlns:vt="http://schemas.openxmlformats.org/officeDocument/2006/docPropsVTypes"><Application>WPS Office</Application><Characters>1084</Characters><CharactersWithSpaces>1094</CharactersWithSpaces><Paragraphs>18</Paragraphs><Words>81</Words></Properties></pkg:xmlData></pkg:part><pkg:part pkg:name="/docProps/custom.xml" pkg:contentType="application/vnd.openxmlformats-officedocument.custom-properties+xml"><pkg:xmlData><Properties xmlns="http://schemas.openxmlformats.org/officeDocument/2006/custom-properties" xmlns:vt="http://schemas.openxmlformats.org/officeDocument/2006/docPropsVTypes"><property fmtid="{D5CDD505-2E9C-101B-9397-08002B2CF9AE}" pid="2" name="ICV"><vt:lpwstr>60db360f1c9b466f9e941a6a5673d5c8</vt:lpwstr></property></Properties></pkg:xmlData></pkg:part><pkg:part pkg:name="/_rels/.rels" pkg:contentType="application/vnd.openxmlformats-package.relationships+xml"><pkg:xmlData><Relationships xmlns="http://schemas.openxmlformats.org/package/2006/relationships"><Relationship Id="rId1" Type="http://schemas.openxmlformats.org/officeDocument/2006/relationships/officeDocument" Target="word/document.xml"/><Relationship Id="rId2" Type="http://schemas.openxmlformats.org/package/2006/relationships/metadata/core-properties" Target="docProps/core.xml"/><Relationship Id="rId3" Type="http://schemas.openxmlformats.org/officeDocument/2006/relationships/extended-properties" Target="docProps/app.xml"/><Relationship Id="rId4" Type="http://schemas.openxmlformats.org/officeDocument/2006/relationships/custom-properties" Target="docProps/custom.xml"/></Relationships></pkg:xmlData></pkg:part><pkg:part pkg:name="/word/_rels/document.xml.rels" pkg:contentType="application/vnd.openxmlformats-package.relationships+xml"><pkg:xmlData><Relationships xmlns="http://schemas.openxmlformats.org/package/2006/relationships"><Relationship Id="rId1" Type="http://schemas.openxmlformats.org/officeDocument/2006/relationships/numbering" Target="numbering.xml"/><Relationship Id="rId2" Type="http://schemas.openxmlformats.org/officeDocument/2006/relationships/styles" Target="styles.xml"/><Relationship Id="rId3" Type="http://schemas.openxmlformats.org/officeDocument/2006/relationships/fontTable" Target="fontTable.xml"/><Relationship Id="rId4" Type="http://schemas.openxmlformats.org/officeDocument/2006/relationships/settings" Target="settings.xml"/><Relationship Id="rId5" Type="http://schemas.openxmlformats.org/officeDocument/2006/relationships/theme" Target="theme/theme1.xml"/></Relationships></pkg:xmlData></pkg:part></pkg:package>